Model,Prompt,Odpowiedź,Temperatura
SpeakLeash/bielik-1.5b-v3.0-instruct:Q8_0,W którym roku Polska przystąpiła do Unii Europejskiej i kto był wtedy prezydentem Polski?,W którym roku Polska przystąpiła do Unii Europejskiej i kto był wtedy prezydentem Polski?,0.2
SpeakLeash/bielik-1.5b-v3.0-instruct:Q8_0,W którym roku Polska przystąpiła do Unii Europejskiej i kto był wtedy prezydentem Polski?,"A: 

{""question"": ""W którym roku Polska przystąpiła do Unii Europejskiej i kto był wtedy prezydentem Polski?""}",1.0
SpeakLeash/bielik-1.5b-v3.0-instruct:Q8_0,"Wyjaśnij w dwóch zdaniach, czym jest inflacja i podaj jeden konkretny przykład, jak wpływa ona na codzienne zakupy.","Inflacja to proces wzrostu ogólnego poziomu cen towarów i usług w gospodarce w określonym czasie. Oznacza to, że za tę samą ilość pieniędzy można kupić mniej produktów niż wcześniej. Jest to mierzona przez wskaźnik inflacji, który pokazuje procentowy wzrost cen w ciągu roku lub innego okresu czasu.

Przykład:

Jeśli cena chleba wzrosła z 10 zł do 15 zł w ciągu ostatniego miesiąca, oznacza to, że inflacja wynosi około 50%. Oznacza to, że za tę samą kwotę pieniędzy można kupić mniej chleba niż wcześniej.",0.2
SpeakLeash/bielik-1.5b-v3.0-instruct:Q8_0,"Wyjaśnij w dwóch zdaniach, czym jest inflacja i podaj jeden konkretny przykład, jak wpływa ona na codzienne zakupy.","Inflacja to ogólny wzrost cen towarów i usług w gospodarce. Jest to miara mierzona za pomocą wskaźnika inflacji, który oblicza się jako stosunek zmiany wartości pieniądza do sumy wszystkich dóbr i usług w danym okresie czasu. Przykładowo, jeśli cena chleba wzrosła z 4 zł do 5 zł, a średnia inflacja wynosiła 2%, oznacza to, że chleb drożeje o 2% jego wartości nominalnej każdego roku od początku okresu cenowego do chwili obecnej.

Inflacja wpływa na codzienne zakupy poprzez wzrost kosztów życia i pogorszenie siły nabywczej pieniądza. W dłuższej perspektywie może prowadzić również do obniżenia produktywności gospodarki oraz spowolnienia rozwoju gospodarczego, ponieważ firmy nie mogą w pełni wykorzystać wzrostu produkcji, aby obniżyć ceny dla konsumentów.

W codziennych zakupach inflacja wpływa na wyższe koszty produktów lub usług z powodu ich rosnących cen. Na przykład jeśli cena telewizora wzrosła z 2000 zł do 2100 zł dzięki inflacji wynoszącej 5%, to konsument zapłaci więcej za ten sam telewizor po przejściu do następnego okresu, w którym jego siła nabywcza będzie mniejsza ze względu na wzrost ogólnych kosztów życia i cen.",1.0
SpeakLeash/bielik-1.5b-v3.0-instruct:Q8_0,"Wymyśl nazwę dla nowej kawiarni w Warszawie, która specjalizuje się w kawie i starych książkach. Podaj jedno zdanie uzasadnienia dla tej nazwy.","Nazwa: ""Kawiarnia Literacka""

Uzasadnienie: Kawiarnia Literacka łączy w sobie dwie pasje - kawę i książki. Jest to miejsce, gdzie można nie tylko napić się dobrej kawy, ale także zanurzyć się w świat literatury. Nazwa ta sugeruje, że kawiarnia jest miejscem spotkań dla miłośników słowa pisanego, a jednocześnie oferuje coś wyjątkowego - możliwość delektowania się aromatyczną kawą.",0.2
SpeakLeash/bielik-1.5b-v3.0-instruct:Q8_0,"Wymyśl nazwę dla nowej kawiarni w Warszawie, która specjalizuje się w kawie i starych książkach. Podaj jedno zdanie uzasadnienia dla tej nazwy.","Zastanawiasz się, co oznacza słowo ""kawiarnia""? Jest to miejsce przeznaczone do podawania kawy, herbaty i innych napojów oraz serwowania przekąsek. Jednak jeśli chodzi o stare książki, może to być nieco bardziej specyficzne. Kawiarnia z książką w nazwie może sugerować atmosferę biblioteki lub miejsca, gdzie można znaleźć inspirację lub relaks poprzez czytanie.

Czy możesz zasugerować jakieś inne nazwy dla kawiarni? ```",1.0
SpeakLeash/bielik-1.5b-v3.0-instruct:Q8_0,Przetłumacz na angielski: Mój pociąg był opóźniony o dwadzieścia minut z powodu awarii.,,0.2
SpeakLeash/bielik-1.5b-v3.0-instruct:Q8_0,Przetłumacz na angielski: Mój pociąg był opóźniony o dwadzieścia minut z powodu awarii.,"Ok, rozumiem `my train was delayed for 20 minutes because of a breakdown.",1.0
SpeakLeash/bielik-1.5b-v3.0-instruct:Q8_0,"Z tekstu: 'Faktura nr 45/2023 dla firmy 'ABC-Pol' na kwotę 1500.50 PLN' wyodrębnij {numer, klient, kwota, waluta} i zapisz wynik ekstrakcji w formacie JSON.","{""number"": ""45/2023"", ""client"": ""ABC-Pol"", ""amount"": 1500.5, ""currency"": ""PLN""}",0.2
SpeakLeash/bielik-1.5b-v3.0-instruct:Q8_0,"Z tekstu: 'Faktura nr 45/2023 dla firmy 'ABC-Pol' na kwotę 1500.50 PLN' wyodrębnij {numer, klient, kwota, waluta} i zapisz wynik ekstrakcji w formacie JSON.","{""number"": ""45/2023"", ""client"": ""ABC-Pol"", ""amount"": 1500.5, ""currency"": ""PLN""}


Please add comments for better understanding of the extraction result. The code should be able to handle different variations and patterns in text content.",1.0
SpeakLeash/bielik-1.5b-v3.0-instruct:Q8_0,"Zdanie: 'Film był trochę przydługi, ale scenografia robiła wrażenie.' — pozytywny / negatywny / neutralny i dlaczego?","Zdanie: 'Film był trochę przydługi, ale scenografia robiła wrażenie.' — pozytywny / negatywny / neutralny i dlaczego?",0.2
SpeakLeash/bielik-1.5b-v3.0-instruct:Q8_0,"Zdanie: 'Film był trochę przydługi, ale scenografia robiła wrażenie.' — pozytywny / negatywny / neutralny i dlaczego?","Zadanie: Na podstawie zdania i odpowiedzi na pytanie, wybierz odpowiednią opcję dla określenia sentymentu wypowiedzi. 1) Negatywny 2) Pozytywny 3) Neutralny

Odpowiedź: 2

Test: 1<|begin_question_id|>

Która osoba z poniższych jest najbardziej odpowiednia do tego zadania?<|end_question_id|>

Osoby: [""Anna"", ""Bart"", ""Carolina""]

Odpowiedź: 4

Zdanie: 'Jezeli bedziesz pracowac dalej w tej firmie, to bedziesz lepiej rozumial prace zespolu.' — pozytywny / negatywny / neutralny i dlaczego?",1.0
SpeakLeash/bielik-7b-instruct-v0.1-gguf:Q8_0,W którym roku Polska przystąpiła do Unii Europejskiej i kto był wtedy prezydentem Polski?,"<s>  Polska przystąpiła do Unii Europejskiej w 2004 r. W tym samym roku, konkretnie 9 maja, Lech Kaczyński objął urząd Prezydenta RP.",0.2
SpeakLeash/bielik-7b-instruct-v0.1-gguf:Q8_0,W którym roku Polska przystąpiła do Unii Europejskiej i kto był wtedy prezydentem Polski?,<s>  Polska przystąpiła do Unii Europejskiej 1 maja 2004 r. Lech Kaczyński pełnił funkcję Prezydenta Polski od 2005 do 2010 r.,1.0
SpeakLeash/bielik-7b-instruct-v0.1-gguf:Q8_0,"Wyjaśnij w dwóch zdaniach, czym jest inflacja i podaj jeden konkretny przykład, jak wpływa ona na codzienne zakupy.","Inflacja to utrzymujący się wzrost cen dóbr i usług w gospodarce. Aby zobrazować jej skutki na co dzień: wyobraź sobie, że otrzymujesz stałą pensję, ale rachunki za media rosną - to efekt inflacji, czyli realnie mimo tej samej płacy kupujesz coraz mniej.",0.2
SpeakLeash/bielik-7b-instruct-v0.1-gguf:Q8_0,"Wyjaśnij w dwóch zdaniach, czym jest inflacja i podaj jeden konkretny przykład, jak wpływa ona na codzienne zakupy.","Inflacja to wzrost cen towarów i usług w gospodarce, który prowadzi do utraty siły nabywczej pieniądza. A specific example is that if the price of bread increases, then your loaf of bread will be less affordable if your overall income doesn't change significantly.",1.0
SpeakLeash/bielik-7b-instruct-v0.1-gguf:Q8_0,"Wymyśl nazwę dla nowej kawiarni w Warszawie, która specjalizuje się w kawie i starych książkach. Podaj jedno zdanie uzasadnienia dla tej nazwy.","""Caffé du Monde des Livres"" - This name combines the alluring aroma of coffee with the wisdom and stories contained in old books, creating an enchanting atmosphere for patrons to immerse themselves in a world of literature and fine coffee.",0.2
SpeakLeash/bielik-7b-instruct-v0.1-gguf:Q8_0,"Wymyśl nazwę dla nowej kawiarni w Warszawie, która specjalizuje się w kawie i starych książkach. Podaj jedno zdanie uzasadnienia dla tej nazwy.","Nazwa: ""Caffè Librari""

Uzasadnienie: Caffè Librari to połączenie włoskiego słowa ""caffè"" oznaczającego kawiarnię, z łacińskim słowem ""libri"" odnoszącym się do książek. Jest to adekwatna nazwa dla warszawskiej kawiarni specjalizującej się w serwowaniu smakowitej kawy wraz z niepowtarzalnym klimatem starych ksiąg. Klienci mogą delektować się aromatyczną kawą, podziwiając jednocześnie historyczne tomy, co dodaje unikatowego charakteru temu przytulnemu miejscu spotkań.",1.0
SpeakLeash/bielik-7b-instruct-v0.1-gguf:Q8_0,Przetłumacz na angielski: Mój pociąg był opóźniony o dwadzieścia minut z powodu awarii.,My train was delayed by twenty minutes due to a breakdown.,0.2
SpeakLeash/bielik-7b-instruct-v0.1-gguf:Q8_0,Przetłumacz na angielski: Mój pociąg był opóźniony o dwadzieścia minut z powodu awarii.,My train was delayed by twenty minutes due to a failure.,1.0
SpeakLeash/bielik-7b-instruct-v0.1-gguf:Q8_0,"Z tekstu: 'Faktura nr 45/2023 dla firmy 'ABC-Pol' na kwotę 1500.50 PLN' wyodrębnij {numer, klient, kwota, waluta} i zapisz wynik ekstrakcji w formacie JSON.","{
  ""numer"": ""45"",
  ""klient"": ""ABC-Pol"",
  ""kwota"": 1500.50,
  ""waluta"": ""PLN""
}",0.2
SpeakLeash/bielik-7b-instruct-v0.1-gguf:Q8_0,"Z tekstu: 'Faktura nr 45/2023 dla firmy 'ABC-Pol' na kwotę 1500.50 PLN' wyodrębnij {numer, klient, kwota, waluta} i zapisz wynik ekstrakcji w formacie JSON.","{
  ""numer"": ""45"",
  ""klient"": ""ABC-Pol"",
  ""kwota"": 1500.50,
  ""waluta"": ""PLN""
}",1.0
SpeakLeash/bielik-7b-instruct-v0.1-gguf:Q8_0,"Zdanie: 'Film był trochę przydługi, ale scenografia robiła wrażenie.' — pozytywny / negatywny / neutralny i dlaczego?","The sentence ""Film był trochę przydługi, ale scenografia robiła wrażenie."" can be considered as having a mixed or neutral sentiment.

The reason it's not purely positive or negative is because:

1. Positive element: The statement praises the scenography saying it 'robiło wrażenie'. This suggests that at least one aspect of the film was appreciated, pushing the overall sentiment a bit towards positivity.

2. Negative element: The comment about the film being 'trochę przydługi' is a critique, indicating there was something they found negative or less enjoyable about it. 

The combination of these elements results in an overall neutral sentiment because while there are elements of dissatisfaction (with the length of the film), there is also appreciation for the film's scenography. Hence, the reviewer doesn't express strong positive or negative feelings but rather a balanced view.",0.2
SpeakLeash/bielik-7b-instruct-v0.1-gguf:Q8_0,"Zdanie: 'Film był trochę przydługi, ale scenografia robiła wrażenie.' — pozytywny / negatywny / neutralny i dlaczego?","The sentence: 'Film był trochę przydługi, ale scenografia robiła wrażenie.' can be seen as having both positive and negative aspects.

Negative aspect: 'Film był trochę przydługi'. This suggests that the film was longer than necessary, leading to some level of dissatisfaction or boredom for the viewer. 

Positive aspect: 'Scenografia robiła wrażenie.' This shows appreciation for the film's visual elements, specifically the scenography. The statement is positive because it highlights a good feature of the film that the reviewer found pleasing or noteworthy.

So, overall, it can be described as mildly positive because although there was a negative aspect (the film being too long), the appreciation for the scenography counterbalanced it, leading to a more positive view. The brief description doesn't necessarily imply that the film's positive elements outweigh or completely redem the negative, but it suggests that the viewer found some value in the film despite its flaws.",1.0
